Word,Frequency
1,490
ram,325
mp,249
kamera,245
barang,207
android,190
video,187
sim,167
wifi,157
usb,157
camera,148
2,148
yes,141
slot,127
pengiriman,126
rom,122
dual,122
100,116
warna,116
mendukung,112
ghz,111
gps,110
gb,110
lte,109
segel,107
5,103
battery,99
flash,99
8,98
os,98
depan,98
3,98
baru,97
the,96
support,95
4g,90
gsm,90
belakang,88
to,87
bluetooth,87
with,84
rusak,83
6,82
internal,81
hari,81
platform,80
20,80
indonesia,80
dapat,79
card,79
stok,79
5g,79
daya,79
harga,78
13,78
kabel,76
sebelum,76
charger,76
ya,75
ratio,75
in,75
display,74
lcd,73
mm,73
unit,73
mah,72
memori,72
a,71
resolution,70
pelindung,69
radio,69
wajah,68
chipset,68
tahun,68
features,68
128gb,67
12,67
kirim,67
4,66
uang,66
original,65
cpu,65
tf,64
rear,62
pixels,62
type,62
lebih,62
memiliki,62
ready,61
model,60
memory,60
pengguna,59
octacore,59
hd,59
ponsel,58
iml,58
75,57
audio,57
gpu,57
no,57
deskripsi,56
g,56
standby,56
saat,55
f22,55
f24,55
8gb,55
pengisi,54
gambar,54
q,53
512gb,53
dual_sim,53
pengenalan,53
murah,52
box,52
paket,52
sudah,52
memberikan,51
helio,51
headset,50
50,50
led,50
80211,50
perekam,50
siaga,50
proses,49
frekuensi,49
film,49
3g,49
and,49
up,49
masih,49
pro,48
charging,48
gravitasi,48
kartu_sim,48
sku,47
berlaku,47
xiaomi,47
pesanan,46
screentobody,46
256gb,46
ppi,46
tanpa,46
main,46
nfc,45
tersedia,45
size,45
ebook,45
screen,45
sensor,45
pembeli,45
setelah,44
order,44
panduan,44
35mm,44
mediatek,43
hanya,43
multimultibahasa,42
is,42
hspa,42
wide,42
data,42
membeli,42
ips,42
black,42
proximity,42
terbaik,41
body,41
f20,41
16gb,41
12gb,41
jaringan,40
penampil,40
desain,40
imei,40
hdr,40
lithiumion,40
stock,40
accelerometer,40
7,40
snapdragon,40
cortexa53,39
a2dp,39
selfie,39
qualcomm,39
wcdma,39
ganda,39
smartphone,39
terjadi,39
dari,39
berat,39
note,38
direct,38
kendala,38
network,38
fm,38
sistem,38
4gb,38
new,38
terdaftar,38
adaptor,38
nanodual_sim_sim,38
dijamin,38
density,37
dedicated,37
hilang,37
kesalahan,37
phone,37
single,37
11,37
mode,37
ekspansi,37
resolusi,37
lecet,37
kelengkapan,37
10,37
juga,37
720,36
tugas,36
dimensi,36
fitur,36
return,36
case,36
64gb,36
fingerprint,36
chat,36
120,36
terlebih,35
oz,35
dahulu,35
dikirim,35
kondisi,35
1080p30fps,35
sampul,35
8502100,35
agps,34
wajib,34
seperti,34
full,34
16,34
silahkan,34
ukuran,34
vertikal,34
melakukan,34
layanan,34
utuh,34
harus,33
utama,33
terkena,33
weight,33
glonass,33
14,33
lain,33
halus,33
hotspot,33
ketentuan,33
kembali,33
yg,33
9,33
hangus,32
6gb,32
speaker,32
terbakar,32
normal,32
wapmmsgprs,32
multifungsi,32
mendapatkan,32
jack,32
mengirim,32
glass,32
kerusakan,32
masa,32
isi,32
tipe,31
baca,31
ulang,31
dimensions,31
mengembalikan,31
funtouch,31
agar,31
menerima,31
wlan,31
plastic,31
pdaf,31
user,31
apabila,31
loudspeaker,31
lapis,31
80090018001900,30
microsd,30
cantik,30
amp,30
blue,30
sound,30
6800mah,30
x1,30
dua,30
wib,30
of,30
retur,29
aman,29
24,29
microusb,29
cacat,29
syarat,29
comms,29
free,29
recorder,29
panorama,29
2mp,29
email,28
media,28
sensors,28
sesuai,28
selama,28
ongkos,28
kapasitas,28
telah,28
available,28
cairan,27
gratis,27
operasi,27
kotak,27
depth,27
bubble,27
melayani,27
apakah,27
le,27
mohon,27
mulus,27
24mp,27
technology,26
f18,26
ultra,26
inch,26
compass,26
langsung,26
23hari,26
1x,26
multibahasa,26
galaxy,25
besar,25
samsung,25
didukung,25
memastikan,25
c,25
front,25
jangan,25
tunggal,25
prosesor,25
it,25
silakan,25
penyimpanan,25
bgn,25
berbelanja,25
diterima,25
pengisian,25
pertanyaan,24
nm,24
manual,24
mungkin,24
cukup,24
typec,24
5000,24
gompal,24
bulan,24
sekitar,24
oleh,24
minggu,24
dukungan,24
nonremovable,24
cepat,24
1800,24
terjatuh,24
released,24
850,23
service,23
microsdxc,23
super,23
casing,23
fast,23
pengembalian,23
3gb,23
nano,23
dikembalikan,23
baik,23
termurah,23
dualband,23
900,23
pengerjaan,22
otg,22
system,22
game,22
back,22
abgnac,22
penuh,22
focus,22
32gb,22
1511,22
jaminan,22
or,22
34,21
lengkap,21
sd,21
kualitas,21
redmi,21
komplain,21
colors,21
packing,21
liion,21
mp3,21
sampai,21
bds,21
jenis,21
mms,21
bonus,21
hubungi,21
dibaca,21
negatif,21
fhd,21
auto,21
mengirimkan,21
only,21
masalah,21
anti,21
pembelian,21
ori,21
tinggi,21
store,21
90,21
asli,21
fungsi,20
max,20
foto,20
air,20
detail,20
tambahan,20
1900,20
may,20
sidik,20
manusia,20
review,20
ditanggung,20
selalu,20
sepenuhnya,19
berkualitas,19
touch,19
aksesoris,19
real,19
berkunjung,19
onthego,19
5000mah,19
galileo,19
adreno,19
mobile,19
menjamin,19
bukti,19
macro,19
30,19
kemasan,19
hitam,19
harap,19
kryo,19
klaim,19
32,19
terimakasih,19
13mp,19
8mp,19
adapter,19
welcome,18
atas,18
tecno,18
piksel,18
launch,18
status,18
micro,18
capacitive,18
jari,18
selain,18
cod,18
51,18
menggunakan,18
hadiah,18
tersebut,18
admin,18
zoom,18
2gb,18
bukan,18
grade,18
wrap,18
gt,18
40,18
16m,17
suara,17
amoled,17
fullset,17
update,17
transfer,17
infinix,17
lipo,17
image,17
50mp,17
serta,17
second,17
pixel,17
dus,17
masuk,17
pelanggan,17
af,17
ikuti,17
hingga,17
maka,16
setuju,16
diskon,16
cortexa55,16
triple,16
protection,16
tips,16
sama,16
contoh,16
announced,16
khusus,16
version,16
senter,16
specification,16
charge,16
touchscreen,16
gravity,16
port,16
distributor,16
storage,16
realme,16
maksimal,16
1080,16
28,16
1model,16
emmc,16
bintang,16
cek,16
mi,16
core,16
gorilla,16
sentuh,16
wapmmsgpr,16
jadi,16
15,16
cover,16
ditukar,16
face,16
4x18,15
bands,15
processor,15
256,15
128,15
aplikasi,15
mp3mp43gpfm,15
spek,15
jelas,15
light,15
aja,15
brand,15
radiobluetooth,15
pie,15
saya,15
lainnya,15
player,15
eksternal,15
secara,15
powervr,15
2platform,15
mc2,15
siap,15
58mp,15
live,15
mbps,15
209,15
kemenperin,15
5speaker,15
you,15
dunia,15
biru,15
konektivitas,14
10multi,14
jasa,14
price,14
color,14
sertakan,14
ultrawide,14
12multi,14
18,14
noise,14
kunjungan,14
42,14
nb,14
function,14
calendar,14
12nm,14
1600,14
cdma,14
bawah,14
perhatian,14
hot,14
tunai,14
gores,14
frame,14
iklan,14
3standby,14
resolusi14403040,14
gaming,14
sehingga,14
tahan,14
1700,14
ge8320,14
online,14
digital,14
all,14
888,14
another,13
standbya,13
im,13
segala,13
cloud,13
mengajukan,13
voucher,13
saja,13
tambahkan,13
kunci,13
kak,13
terjamin,13
calculator,13
typ,13
tempat,13
quality,13
menyeluruh,13
official,13
9memory,13
tampilan,13
proteksi,13
bersegel,13
product,13
miui,13
6frequency,13
banyak,13
buruk,13
on,13
capacity,13
multilanguage,13
8colors,13
2g,12
this,12
korosi,12
5mp,12
seluruh,12
sopan,12
81,12
gold,12
claim,12
64,12
653,12
ketersediaan,12
etalase,12
rearmounted,12
45,12
48mp,12
14others,12
65,12
slots,12
viewerebookworld,12
about,12
clocktasks,12
13languages,12
power,12
cable,12
center,12
aperture,12
rating,12
ejektor,12
ke,12
rate,12
keluhan,12
2x20,12
jatuh,12
happy,12
5g7vibration,12
112µm,12
perangkat,12
random,12
senin,12
catatan,12
jernih,12
11camera,12
faq,12
bermain,12
5800mah,12
view,12
pengecekan,12
ok,12
ai,12
photo,12
setiap,11
melalui,11
wireless,11
lancar,11
unibody,11
unlock,11
satu,11
wajar,11
silver,11
ekspedisi,11
sangat,11
fungsionalitasnya,11
berarti,11
gyro,11
menonton,11
seller,11
wcdma2100mhz5g,11
getaran,11
gsm850,11
menawarkan,11
gsm85090018001900mhz,11
days,11
build,11
pemakaian,11
arrive,11
18w,11
4screen,11
90hz,11
pahami,11
38,11
033,11
non,11
ponselgps,11
wav,11
transaksi,11
80211ax,11
sosial,11
kurang,11
multifungsi5gpengenalan,11
push,11
shadow,11
your,11
viewer,11
singkat,11
lama,11
nits,11
ulasan,11
pilih,11
110,11
32mp,11
bagian,11
plus,10
berkomitmen,10
sony,10
terbaru,10
ois,10
sidemounted,10
berikut,10
gadget,10
batangan,10
when,10
item,10
can,10
199,10
multitouch,10
package,10
gunakan,10
s23,10
y17,10
direturn,10
67,10
white,10
mp4,10
sehat,10
extended,10
biaya,10
sedikit,10
megapiksel,10
for,10
buku,10
sabtu,10
sukses,10
menunjukkan,10
digunakan,10
penggunaannya,10
4g5g,10
refresh,10
89,10
dulu,10
penting,10
lensa,10
2018,10
17ultra,10
quadcore,10
422576,10
autofocus,10
dll,10
karena,10
beli,10
buka,10
512,10
mudah,10
orderan,10
h,10
marshmallow,10
we,10
penjual,10
cortexa75,10
performa,9
secondary,9
detection,9
earphone,9
layani,9
shopping,9
1080x2320,9
sekarang,9
3g4g5g,9
feedback,9
84,9
streaming,9
p35,9
membaca,9
slotmicrosdxc,9
035,9
sebagai,9
will,9
softcase,9
panel,9
pita,9
nyaman,9
berdiskusi,9
270,9
nanosim,9
kapasitif,9
sesegera,9
keren,9
hsdpa,9
cancellation,9
48mp72mp,9
mic,9
messaging,9
promo,9
teknologi,9
headphones,9
included,9
membelisetuju,9
plug,9
sendiri,9
16mp,9
asuransi,9
dualsim,9
tergiur,9
varian,9
120hz,9
16typec,9
kapan,9
variasi,9
mahal,9
arma,9
phoen,9
vibration,9
pembukaan,9
elektronik,9
cahaya,9
66,9
240,9
baret,9
fire,9
jamur,9
malig52,9
lapak,9
t,9
ingin,8
design,8
libur,8
info,8
versi,8
a2,8
ram512gb,8
2019,8
gram,8
menanyakan,8
multimedia,8
gmail,8
menghubungi,8
standar,8
759,8
6x18,8
legend,8
41,8
alert,8
types,8
ringtones,8
active,8
kaku,8
buat,8
bawaan,8
1520,8
tanggung,8
klik,8
berupa,8
verifikasi,8
kompensasi,8
valid,8
other,8
red,8
kita,8
segan,8
oreo,8
internet,8
80,8
130,8
unspecified,8
1920,8
500,8
corning,8
mereka,8
interface,8
kosong,8
dilakukan,8
mtk6889,8
cuan,8
tertera,8
void,8
wap,8
comment,8
mask,8
warp,8
ditoko,8
17,8
provider,8
performance,8
maks,8
21,8
bekas,8
v27e,8
request,8
768,8
68mp,8
go,8
tanyakan,7
produkpengerjaan,7
menjaminterbaik,7
antar,7
pengirimanpesanan,7
y73s,7
memungkinkan,7
sering,7
than,7
penjualan,7
include,7
pesan,7
ketentuanya,7
spreadtrum,7
also,7
g99,7
48,7
backdoor,7
like,7
320,7
y19,7
beauty,7
lapisan,7
2100,7
i14,7
copy,7
kesalahpahan,7
membuat,7
belanja,7
petunjuk,7
10t,7
763,7
stylish,7
bila,7
diluar,7
lapang,7
infrared,7
gprs,7
lupa,7
cell,7
factory,7
otomatis,7
3d,7
disini,7
akhir,7
removable,7
tukar,7
store5g,7
menyertakan,7
fisik,7
39,7
pova,7
rasio,7
earjack,7
kepala,7
2020,7
15battery8000mah,7
wkg,7
cocok,7
pengalaman,7
26mm,7
androidmurah,7
voice,7
operating,7
jarum,7
pahaman,7
kesalah,7
uses,7
10x,7
customer,7
menjawab,7
hasil,7
dikenai,7
refund,7
kompas,7
60,7
koneksi,7
pernah,7
stand,7
senilai,7
mesin,7
19,7
20mp,7
a02,7
december,7
lanjut,7
powerbank,7
makro,7
kece,7
blackgoldlight,7
coloros,7
penukaran,7
july,7
wah,7
diorder,7
are,7
pintar,7
be,7
jadwal,7
635,7
browser,7
bundle,7
harinya,7
2021,7
keesokan,7
0000,7
bluegreenpurple,7
22,6
lakukan,6
25,6
pakai,6
610,6
antigores,6
dimension,6
kasus,6
265,6
fps,6
tft,6
f175,6
termasuk,6
kena,6
8128,6
menikmati,6
putih,6
control,6
10µm,6
berbagai,6
dikit,6
program,6
rapi,6
tipec,6
description,6
pilihan,6
resi,6
telepon,6
tentang,6
1544,6
tws,6
ganti,6
headphone,6
keterangan,6
amptab,6
ramping,6
8256,6
stereo,6
bergaransi,6
list,6
ion,6
definisi,6
beberapa,6
6128gb,6
kuat,6
penutup,6
4x16,6
68,6
kirimkan,6
300,6
62,6
august,6
647,6
298,6
mt6765,6
cash,6
out,6
check,6
3gp,6
does,6
1306,6
melihat,6
disegel,6
35,6
menyelesaikan,6
190,6
misc,6
use,6
nirkabel,6
octa,6
global,6
dialami,6
portrait,6
jt,6
selfienya,6
androidseken,6
2022,6
hpseken,6
modelnya,6
internetnya,6
hpmurah,6
268,6
kenceng,6
wired,6
88,6
dana,6
berikutnya,6
lte2g,6
bandsgsm,6
document,6
bandshsdpa,6
21004g,6
bands1,6
smsthreaded,6
41speedhspa,6
feature,6
kecepatan,6
jual,6
primary,6
waterproof,6
269,6
nomor,6
due,6
1tb,6
1500,6
mcstore,6
karet,6
speed,6
june,6
78,6
pabrik,6
connectivity,6
v40,6
pemutaran,6
titanium,6
lumayan,6
tambah,6
800,6
one,6
java,6
get,6
different,6
slightly,6
actual,6
4x23,6
432,6
aktif,6
belajar,6
within,5
tubuh,5
ship,5
work,5
after,5
receiving,5
tested,5
lampu,5
pembicara,5
barangnya,5
jarak,5
bagi,5
ambient,5
terbatas,5
dynamic,5
v20,5
g80,5
final,5
2400,5
recommended,5
ozbuildglass,5
hours,5
geotagging,5
total,5
test,5
picture,5
ram1tb,5
lebar,5
i,5
goods,5
guys,5
lithium,5
v29,5
tetap,5
memesan,5
d,5
modis,5
trendy,5
berfungsi,5
abis,5
nokia,5
tiruan,5
basemark,5
628,5
peningkatan,5
high,5
ditambah,5
personal,5
4x20,5
kerja,5
akselerometer,5
mau,5
99,5
sebenarnya,5
p65,5
meminta,5
92,5
networkjaringan,5
kredensial,5
umum,5
juta,5
a16,5
pengganti,5
1xfilm,5
xpanduan,5
sederhana,5
replacement,5
ff,5
1xpengisi,5
1xperangkat,5
tertentu,5
credentials,5
mantap,5
samping,5
ga,5
jambu,5
6x,5
graphitehijaulimemerah,5
dualled,5
72mp,5
pemutar,5
keluaran,5
operasional,5
lagi,5
wajahbuka,5
perekaman,5
minimal,5
gen,5
purple,5
more,5
terpasang,5
turbo,5
mt6762,5
kitkat,5
p22,5
nos23,5
ratioresolution720,5
positioning,5
standbydisplaytypeips,5
150,5
wcdma85019002100mhz,5
aluminum,5
ui,5
olike,5
031,5
dilengkapi,5
minus,5
edition,5
boleh,5
622,5
iring,5
gurita,5
buble,5
lengan,5
teknis,5
from,5
finger,5
time,5
compassmessagingsmsthreaded,5
hitambiru,5
667,5
hadir,5
green,5
450,5
stay,5
tray,5
82,5
1594,5
yaa,5
10w,5
23,5
april,5
26,5
1612,5
bongkar,5
menjalankan,5
virtual,5
hz,5
31,5
680,5
gift,5
23g,5
g85,5
25w,5
tentunya,5
perdana,5
diatas,5
1280,5
foomee,5
play,5
tengah,5
8256gb,5
677,5
terletak,5
software,5
jeda,5
674,5
connector,4
301,4
dokumentasi,4
warranty,4
bracket,4
hdc,4
fan,4
50pcs,4
vr,4
111,4
masker,4
smartband,4
airdots,4
1gb,4
mini,4
jbl,4
buds,4
51main,4
764,4
supports,4
cuangadgetid,4
lanyard,4
seluler,4
hybrid,4
ambili,4
what,4
answer,4
based,4
y27,4
upgradable,4
talk,4
76,4
models,4
vidio,4
5p,4
fov,4
sar,4
head,4
diseluruh,4
tests,4
nonton,4
hape,4
nominal,4
mp2,4
87,4
midi,4
bnib,4
kipas,4
stick,4
holder,4
pop,4
socket,4
sleeve,4
gantungan,4
diganti,4
v60,4
informasi,4
ape,4
1080p,4
jelly,4
konfirmasi,4
noted,4
offline,4
beidou,4
typical,4
dapatkan,4
flac,4
inbox,4
that,4
tim,4
trusted,4
85,4
pastikan,4
sein,4
91,4
646,4
lens,4
halo,4
inggris,4
soft,4
tebal,4
big,4
powerful,4
penjelasan,4
agak,4
9095,4
108mp,4
ii,4
terdapat,4
kekurangan,4
_,4
8009001800,4
7000mah,4
million,4
menjadi,4
terus,4
handphonemurah,4
imx376,4
premium,4
pls,4
108030fps,4
4k,4
slow,4
motion,4
jawaban,4
tetapi,4
1905,4
cpuoctacore,4
140,4
lower,4
hydrogel,4
ambil,4
tokopedia,4
ex,4
16mm,4
ketika,4
650,4
626,4
identifikasi,4
670,4
html5,4
jne,4
please,4
perlu,4
pertama,4
thanks,4
dasar,4
our,4
segera,4
terbungkus,4
technologygsm,4
habis,4
gak,4
dimensity,4
microsdhc,4
rekaman,4
frequency,4
id,4
756,4
299,4
032,4
959,4
271,4
506,4
16ghz,4
quick,4
alat,4
low,4
y20,4
watt,4
unisoc,4
tujuan,4
silicon,4
765,4
1047,4
mt6768,4
13mm,4
kepercayaan,4
296,4
november,4
gan,4
tapi,4
720p30fps,4
logistik,4
pelayanan,4
baikbaik,4
tipis,4
china,4
3000,4
ring,4
lifetime,4
berkwalitas,4
302,4
kurir,4
611,4
menu,4
sejak,4
membantu,4
jelek,4
tflash,4
disebabkan,4
nonremovablechargingfast,4
imbrowserhtml5batterytypelipo,4
onthegofeaturessensorsfingerprint,4
hotspotbluetooth50,4
down,4
jackyescommswlanwifi,4
lokal,4
bokeh,4
densityplatformosandroid,4
1023,4
53,4
sisanya,4
networks,4
dibongkar,4
quad,4
kredit,4
sentuhlayar,4
mp4h264,4
reguler,4
photovideo,4
125,4
2015,4
865,4
min,4
google,4
luar,4
gpr,4
6x17,4
kekerapan,4
legpsyes,4
bagus,4
24mp58mp,4
goresan,4
bahan,4
treasure,4
bag,4
73,4
2280,4
konektor,4
nmcpuoctacore,4
pearl,4
lite,4
editor,4
cicilan,4
iphone,4
464,4
boss,4
games,4
644,4
834,4
pecah,4
between,4
kamerakamera,4
thank,4
660,4
names,4
berkelas,4
751,3
a32,3
fullsetcharger,3
attention,3
simple,3
penawaran,3
menampilkan,3
resolution1080,3
4030,3
metal,3
9698,3
pergrade,3
reno9,3
selfiedepan,3
b,3
specifications,3
83,3
qvga,3
side,3
8gb256gb,3
hijau,3
halusgompal,3
january,3
ngedropan,3
115,3
sarankan,3
v53,3
phase,3
instant,3
clear,3
ip54,3
boot,3
dust,3
water,3
resistance,3
7984,3
ir,3
shoping,3
1644,3
8589,3
rp,3
penginderaan,3
malig72,3
keciljamur,3
nyalakan,3
4x12,3
disertakan,3
fotografi,3
bebas,3
used,3
distinguish,3
life,3
03mp,3
48mb,3
mikron,3
pihak,3
f19,3
cazz,3
kemampuan,3
tanggal,3
rusakcacat,3
selfies,3
canggih,3
limit,3
dipesan,3
p70,3
skus,3
malam,3
understand,3
nettpass,3
spark,3
s,3
sevvan,3
ongkir,3
cortexa76,3
sc9863a,3
apapun,3
189,3
582,3
mt6771,3
m10,3
599,3
1450,3
165,3
cortexa73,3
infinity,3
difference,3
diklaim,3
se,3
bluetooh,3
652,3
persediaan,3
now,3
menghasilkan,3
an,3
e,3
7078,3
kekuatan,3
kencang,3
260,3
dualstandby,3
networktechnologygsm,3
008,3
silikon,3
036,3
automatically,3
keunggulan,3
multitasking,3
target,3
ultimate,3
164,3
completely,3
250,3
700,3
kuota,3
variant,3
131,3
room,3
j,3
pekerjaan,3
biasakan,3
1640,3
selfe,3
remote,3
need,3
builtin,3
momen,3
4x19,3
4x24,3
sm6225,3
berminat,3
kombinasi,3
menit,3
pesananh1,3
shuts,3
indosat,3
muda,3
minutes,3
kinerja,3
xl,3
salah,3
fmbluetooth,3
telkomsel,3
dipakai,3
ruang,3
checkout,3
sms,3
arrow,3
temperature,3
651,3
malig57,3
splash,3
dazzle,3
ws,3
semuanya,3
2000,3
mengarahkan,3
langkah,3
selanjutnya,3
bazel,3
400,3
bean,3
banting,3
minisim,3
winwin,3
prosesorsnapdragon,3
tolong,3
dibagian,3
frekuensi2g3g4g5g,3
parah,3
menutupidll,3
6x20,3
cantumkan,3
tersegel,3
simpan,3
situation,3
persyaratan,3
mendem,3
0900,3
tomboltombol,3
supporting,3
kecillecetbaret,3
battre,3
gyroscope,3
berkonsultasi,3
758,3
by,3
dipersilakan,3
follow,3
co,3
promosi,3
merusak,3
c55,3
playment,3
dolphin,3
retak,3
protector,3
sedang,3
cord,3
individual,3
repot2,3
membutuhkan,3
tdscdma,3
slim,3
679,3
655,3
dsb,3
210,3
pemesanan,3
awal,3
diharapkan,3
mb,3
77,3
ringan,3
meysha,3
bdsnfcnoradiofm,3
aptx,3
book,3
terhadap,3
panoramavideo1080p30fpsselfie,3
tajam,3
fokus,3
via,3
natural,3
depthfeaturesled,3
lokasi,3
dilepas,3
30401440,3
tempered,3
801,3
radiasi,3
816,3
framesimdual,3
kacamata,3
dot,3
ketebalan,3
sa,3
mp3waveaacflac,3
home,3
i12,3
laboratory,3
specific,3
length,3
mail,3
dibuktikan,3
edr,3
membuka,3
1551,3
kilat,3
dibawa,3
edge,3
validasi,3
band,3
cameratriple13,3
6128,3
operator,3
alamat,3
gudang,3
xos,3
658,3
824,3
79,3
notekomplain,3
menyesuaikan,3
selamanya,3
1630,3
steker,3
kemenpenrin,3
website,3
jamin,3
nikmati,3
182,3
bismillahirrahmanirrahim,3
761,3
v44,3
protective,3
kedekatan,3
26statusavailable,3
contrast,3
sunlight,3
sealu,3
quadled,3
70,3
shared,3
slotinternal64gb,3
4x235,3
vorbis,3
lcdsize651,3
034,3
timelapse,3
night,3
pemandangan,3
kupon,3
multisentuh,3
kaca,3
plastik,3
48mp108mp,3
chipsetmediatek,3
fungsional,3
not,3
169,3
601,3
v23e,3
msm8940,3
435,3
505,3
cuss,3
kategori,3
supaya,3
8gb128gb,3
615,3
colokan,3
download,3
tape,3
resolusi14404000,3
multifunsi,3
hitamkuningbiru,3
55,3
awet,3
ad,3
ungu,3
9098,3
168,3
593,3
2016,3
v27ev29e,3
812,3
a96,3
wcdma85019002100mhz5g,3
merah,3
facesmile,3
14403200,3
cyan,3
nego,3
maap,3
kakak,3
lambat,3
saham,3
3060,3
128mb,3
merek,3
03,3
gorespelindung,3
wideangle,3
64mp,3
dsds,3
profesional,3
b40,3
jnt,3
refurbish,3
a77s,3
sdm450,3
imx486,3
kapasitansi,3
5mm,3
jumlah,3
27,3
tripod,3
apple,3
29,3
viewereditor,3
4230,3
192,3
radiousbmicrousb,3
b1b3b5b8,2
166g,2
ecompass,2
sunshine,2
videocall,2
4gnetwork,2
space,2
030,2
menarik,2
stabil,2
coast,2
keypad,2
every,2
soc,2
browsing,2
link,2
1642,2
moonlight,2
unggulan,2
flashsale,2
clock,2
memuaskan,2
murahxiaomi6x,2
favorit,2
30fps,2
indah,2
6xxiaomi6xxiaomi6xxiaomi,2
true,2
1622,2
abadikan,2
a2xiaomi,2
kebutuhan,2
dipacking,2
pembuktian,2
gpuadreno,2
112m,2
91mm,2
centre,2
430,2
g25,2
kecerahan,2
less,2
rheinland,2
selebar,2
imersif,2
anteraja,2
infinityv,2
kemenprin,2
handsfree,2
1601,2
mana,2
point,2
mengisi,2
200g,2
better,2
but,2
garansinya,2
eu,2
y18,2
mission,2
antarmuka,2
sales,2
bahwa,2
75inci,2
reseller,2
tengkulak,2
sempurna,2
pengepul,2
cina,2
08m,2
charged,2
88mp,2
netcom,2
12mp,2
there,2
berjalan,2
4in1,2
sejenisnya,2
quantity,2
luas,2
8128gb,2
terutama,2
736mm,2
jajan,2
dazzlers,2
bluenoble,2
perak,2
745,2
mp3mp43gpfmbluetooth,2
jadul,2
aktivitas,2
13hari,2
redpeak,2
dekat,2
24mp48mp,2
efisien,2
408,2
pengambilan,2
625,2
sekolah,2
cores,2
subject,2
preloaded,2
2x22,2
benefit,2
243,2
noc35,2
berkapasitas,2
4100mah,2
white8gb256gb,2
blue8gb256gb,2
menjaga,2
blackchinggolden,2
responsif,2
berbasis,2
biasa,2
golden,2
digenggam,2
678,2
2002,2
v50,2
keaslian,2
shellcasing,2
7nm,2
dibuat,2
raya,2
mencari,2
1713,2
even,2
html,2
6gb664gb6128gb,2
maupun,2
recording,2
xiaomi6x,2
langit,2
nov27e,2
xiaomimi,2
typing,2
6xmi,2
bekerja,2
siswa,2
inginkan,2
itel,2
sim1,2
5g7,2
produknya,2
combination,2
sim2,2
anggap,2
signal,2
844,2
resolusi1080x2320,2
pengaturan,2
mali,2
1tahun,2
prosesorqualcomm,2
large,2
berharap,2
rills,2
cam,2
maksimum,2
karna,2
pengembalin,2
snake,2
tanggepin,2
menyala,2
katakata,2
tanggapin,2
mtk6595,2
uscreen,2
jaring,2
pelidung,2
strike,2
mmssms,2
tersediasemua,2
tetris,2
a3s,2
642,2
dipasang,2
handphoneoriginal,2
kesalahpahaman,2
so,2
gpumalig52,2
mt6769vcu,2
osandroid,2
bluetooth50,2
electronic,2
paling,2
menyediakan,2
185,2
h1,2
putar,2
pengajuan,2
peraturan,2
preferensi,2
sensing,2
589,2
1650,2
134,2
671,2
jackyes,2
24bit192khz,2
179,2
keys,2
631,2
buttons,2
43,2
mt6769z,2
33w,2
evdo,2
gray,2
xs,2
inter,2
prioritas,2
handphonetermurah,2
1562,2
deca,2
handphonebekas,2
art,2
video1080p30fps,2
488,2
584,2
tombol,2
bazzle,2
aac,2
mp1,2
qzss,2
52,2
yakin,2
m,2
2900,2
147,2
729,2
mhz,2
fddlte,2
2014,2
sejagat,2
october,2
certification,2
69,2
l1,2
widevine,2
simsingle,2
540,2
960,2
buildglass,2
eye,2
doc,2
charcoal,2
berjamur,2
3400,2
keuntungan,2
664,2
terpercaya,2
kebawah,2
membatalkan,2
bentuk,2
editing,2
pause,2
respon,2
ojol,2
nya,2
diproses,2
terakhir,2
miliki,2
cuma,2
sini,2
1030,2
kepuasan,2
supervisi,2
qc,2
tutupi,2
sengaja,2
adanya,2
dijelaskan,2
44w,2
material,2
25d,2
1688,2
851,2
f242mp,2
jakarta,2
180,2
966,2
830,2
carbon,2
violet,2
smartbackpack,2
radiator,2
sticky,2
2023,2
kalo,2
gojek,2
music,2
1080p30,2
iqoo,2
chekout,2
4100,2
ory,2
default,2
rekondisi,2
bootloop,2
712,2
tdk,2
terhitung,2
laporan,2
menyimpan,2
snapdragan,2
sampling,2
geekbench,2
i13,2
assistive,2
lpddr4x,2
crosstalk,2
endurance,2
80h,2
onscreen,2
757,2
fullscreen,2
826,2
2g3g4g5g,2
12nmcpuoctacore,2
cortexa53gpupowervr,2
ge8320memorycard,2
25mm,2
camerasingle16,2
es,2
1280x720,2
queengadget,2
1686,2
1985,2
g88,2
ios,2
blueray,2
gfxbench,2
efek,2
button,2
microdual_sim,2
tetes,2
08µm,2
7800mah,2
bertanya,2
department,2
cooler,2
s2,2
watermark,2
grey,2
multibahasa14,2
i15,2
emas,2
ltealaunchannounced2020,2
september,2
94,2
4x15,2
membakar,2
terbanting,2
hdr10,2
dualtone,2
846,2
c67,2
395,2
densityprotectioncorning,2
timer,2
abgn,2
470,2
dihari,2
reno,2
colour,2
handy,2
32mb,2
secepatnya,2
stempel,2
529,2
158,2
app,2
wh,2
kerapatan,2
405,2
sky,2
p60,2
ar,2
2017,2
dpi,2
menyebabkan,2
2660,2
perpanjang,2
1276,2
064µm,2
credit,2
ampt,2
dibawah,2
alasan,2
depok,2
3200,2
dikenakan,2
kota,2
colours,2
tddlte,2
77mm,2
2340,2
394,2
814,2
semarang,2
double,2
baterry,2
fujitsu,2
bantuan,2
hitambiruputih,2
caca,2
ideal,2
y17s,2
barat,2
6000mah,2
829,2
6nm,2
54,2
jepang,2
28mm,2
rendah,2
g81,2
68inch,2
hyperos,2
lock,2
turnsyour,2
karya,2
600,2
996,2
yellow,2
metallic,2
penerimaan,2
slotinternal32gb,2
camerasingle13,2
pdaffeaturesled,2
fluency,2
a11k,2
bt,2
163775686,2
g36,2
mtk,2
7201612,2
imx582,2
spesial,2
hardware,2
tetesan,2
malaikat,2
bayi,2
1923,2
105,2
sm4250,2
460,2
645,2
boxdus,2
hios,2
58,2
atmos,2
midnight,2
expansion,2
bahkan,2
penggunaan,2
1589,2
n78,2
hd240fps,2
n41,2
peron,2
kenangan,2
480fps,2
216030fps,2
3840,2
penggunaname,2
telephon,2
perlindungan,2
dgn,2
uhd,2
bs,2
youtube,2
benar,2
44,2
device,2
frontfacing,2
n,2
10μm,2
travel,2
1643,2
125μm,2
themobile,2
ekstra,2
mp3mp43gpradio,2
ison,2
815,2
978,2
menangkap,2
including,2
wcdma8502100mhz,2
filter,2
cellphone,2
sportsa,2
128um,2
meningkatkan,2
photosensitibityin,2
backlight,2
terang,2
akses,2
464gb,2
hati,2
connection,2
begitu,2
hitamhijauputih,2
9300,2
10mm,2
cameras,2
stiand,2
permainan,2
populer,2
blru,2
jiplak,2
61,2
playstore,2
3c,2
giroskop,2
401,2
85090018001900,2
24ghz5ghz,2
flv,2
4x21,2
v42,2
856,2
1895,2
v15,2
mkv,2
avi,2
bubblewrap,2
manufaktur,2
hifi,2
bobot,2
20c,2
gerakan,2
memodial,2
shoot,2
f178,2
ultralebar,2
social,2
experience,2
v,2
fps720p,2
li,2
platinum,2
720p,2
group,2
kali,2
do,2
mengalahkan,2
y100,2
onyx,2
smart,2
exynos,2
inovatif,2
feed,2
y20s,2
4128gb,2
just,2
indisplay,2
series,2
inweight1923,2
shots,2
7gb,2
keras,2
hdrvideo1080p30fpsselfie,2
camerasingle8,2
widevideo1080p30fpssoundloudspeakeryes35mm,2
purist,2
record,2
hetset,2
earpod,2
inti,2
y22,2
fpsgerakan,2
show,2
cat5,2
banget,2
dualengine,2
30rb,2
voltage,2
butuh,2
three,2
g5,2
advan,2
produck,2
dts,2
13ghz,2
batt,2
playbackad,2
pemancar,2
diumumkan,2
supported,2
15075,2
303,2
size24,2
pdaf2,2
y12,2
752,2
28nm,2
img8322,2
a22,2
4000mah,2
dark,2
keamanan,2
symmetrical,2
158cm,2
listen,2
jauh,2
seri,2
inventaris,2
ab,2
5g4g,2
66gb,2
berdasarkan,2
memory32mb,2
771,2
fiturfitur,2
speakers,2
birutooth,2
faster,2
cph1803,1
hebat,1
sevice,1
metaverse,1
summer,1
64gb128gb,1
artinya,1
sekali,1
starlit,1
vooc,1
internasional,1
diagonal,1
3010,1
cph1853,1
titaniumwhite,1
1612720,1
32gb64gb128gb256gb,1
1tipe,1
4kamera,1
saluran,1
rusakhilang,1
1174n23,1
memenuhi,1
730,1
infokan,1
y19handphonetelepon,1
sale,1
grafis,1
2ram,1
apl,1
voidhangus,1
jaminanpengemasan,1
10m,1
3700,1
4gb6gb,1
indonesiayakinlah,1
barangljika,1
kamigantidengan,1
profesionaltransportasi,1
pergudangan,1
4ghspa,1
diretur,1
casan,1
ejector,1
dilindungi,1
dengantempered,1
qlass,1
subsidi,1
merchant,1
bundling,1
prosessor,1
andriod,1
delapan,1
3131150050850232383897655,1
3131146825511399740211255,1
3131146927622433166131255,1
waterdrop,1
4cm,1
t606,1
24g5g,1
sharing,1
mimo1x1,1
abgnacgps,1
bt52,1
lightside,1
volte,1
y93,1
nov29,1
2271,1
7597,1
263mm,1
sempit,1
deoth,1
perjelas,1
tepat,1
mempermudah,1
single5,1
15w,1
196,1
691,1
a10s,1
parameter,1
metode,1
1520x720,1
1591,1
393ppi,1
bezel,1
dikami,1
quota,1
hitamsky,1
1gbbulan,1
combinations,1
652inch,1
triplecamera,1
n1,1
n77,1
175000di,1
casejelly,1
b225000,1
1560,1
55000di,1
special,1
a80000,1
senilaihp,1
bersama,1
senilaihandphone,1
20ghz,1
a53s,1
terpotong,1
samsungdex,1
resolusi30401440,1
romram,1
12gb512gb,1
3131150051232249172787255,1
resolusi16604800,1
peking,1
hitamhijaubirukuningmerah,1
2320,1
samar,1
helios,1
kedalaman,1
dirilis,1
pulsa,1
min20000,1
obsidian,1
seusuaikan,1
memberi,1
mt6595m6592,1
itunes,1
μm,1
283,1
719,1
1478,1
hitambiruemasungu,1
sbk,1
tap,1
icloud,1
genggaman,1
devicenva,1
lecetterkenaairkelamaan,1
dicharge,1
overloadsehingga,1
baterei,1
jebol,1
handphonekabel,1
dream,1
fifa,1
commando,1
frontline,1
basic,1
mt6580,1
absolute,1
arm,1
persis,1
aluminium,1
utk,1
movies,1
20w,1
twilight,1
hdqhd,1
legenda,1
pubg,1
asphalt,1
gta,1
datasesuai,1
6ulasan,1
pengabaian,1
hitamemassky,1
3131153383932638942003255,1
1595,1
638,1
999,1
833,1
under,1
optical,1
1unit,1
2kabel,1
3adaptor,1
4buku,1
5jarum,1
erorr,1
a03s,1
menggabungkan,1
berkua,1
75inch,1
dicantumkan,1
16mpbelakang,1
674inch,1
drop,1
1600x720,1
6gb128gb,1
handphonetab,1
hitamhijaumerah,1
jambuemas,1
platform3g4g5g,1
hitambutih,1
acc,1
dibantu,1
ulasanfeedback,1
sebelumnya,1
prosesorhelio,1
658inci,1
nilai,1
awesome,1
tipikal,1
temperglass,1
planned,1
upgrade,1
msm8939,1
291,1
5147,1
1034,1
247sunlight,1
merasa,1
casenya,1
comfort,1
paketan,1
split,1
pembayaran,1
armorshell,1
tüv,1
reliability,1
certificate,1
48month,1
lollipop,1
717,1
167,1
598,1
neric,1
height162,1
length1389,1
weight1291,1
width577,1
ide,1
c35,1
jeruk,1
6813mp,1
hpsmaertphonehandphone,1
vove,1
s24,1
16gb512gb,1
iiy,1
multimode,1
kreatif,1
152,1
ip64,1
diperiksa,1
perbedaan,1
simdedicated,1
8509002100,1
memory64,1
cards,1
mt6750,1
number,1
nohot30i,1
gen2,1
standbydual,1
4screen75,1
saksama,1
24003200,1
7vibration,1
y21a,1
hitambiruemas,1
3131147206576590810316855,1
depan32,1
mt6889z,1
hitamemas,1
umts,1
standard,1
frequencies,1
157,1
memerlukan,1
samarinda,1
sehari,1
daftar,1
dibayar,1
dirumah,1
ampk,1
hpsamsung,1
samsungsamarinda,1
handphonesamarinda,1
orderdropshiper,1
3131148509108564074496055,1
y66,1
speksifikasi,1
15356,1
7579,1
749,1
vole,1
speed2g,1
speakers2,1
internal64gb,1
716,1
typetft,1
size66,1
1052,1
823,1
399,1
mt6833,1
gpumalig57,1
triple48,1
separately,1
featuresled,1
video1152p30fps,1
3131127062126357032140855,1
onlybatangan,1
layara,1
7961,1
21306,1
m23,1
weight203,1
dimensions1672,1
statusavailable,1
announced2021,1
otherwise,1
stated,1
contained,1
results,1
comparisons,1
compared,1
products,1
telecom,1
menjual,1
smartwatch,1
menkominfo,1
mengambil,1
penjualnya,1
mendaftar,1
yakartu,1
costumer,1
dibuka,1
3131152402335208146534455,1
reno8z,1
terendah,1
bjack,1
ninjaup,1
jocuri,1
origin,1
racing,1
attack,1
multiplayer,1
doodle,1
jp,1
crossy,1
road,1
engli,1
oxford,1
systems30,1
earbuds,1
equaliser,1
requires,1
sold,1
mer,1
gameloft,1
7z,1
featuresjocuri,1
reno8,1
z,1
delivery,1
banter,1
3131152402341114145996855,1
imaging,1
camera03,1
fla,1
batteryremovable,1
wattage275,1
w,1
storage128,1
to32,1
ram48,1
form,1
cpuunisoc,1
t107,1
mawarbiru,1
mengkhususkan,1
2910,1
kketentuan,1
vertical,1
multifunction,1
singlemode,1
task,1
language,1
3131133638979974851788855,1
50i,1
3131157904219062765158455,1
wa,1
857,1
modelhp,1
systemmtk,1
size28,1
resolution240,1
typepost,1
shot,1
kartu_simdual,1
pengirman,1
doublelayer,1
describe,1
3131136391883719489945655,1
kardus,1
soundloudspeakeryes,1
commswlanwifi,1
lepositioninggps,1
nfcnoradiofm,1
usbmicrousb,1
featuressensorsfingerprint,1
typelipo,1
charging18w,1
5w,1
reverse,1
ditempat,1
3131157904732022369484855,1
y33s,1
1043,1
30i,1
20i,1
extra,1
1084,1
393,1
diri,1
5644,1
lte5g,1
putihhitambiru,1
mp3mp4youtube,1
14mp,1
bipmmsgpr,1
imd,1
4800mah,1
dent,1
oemgantian,1
mt6781,1
bias,1
4385,1
3626,1
x60,1
23201280,1
580,1
3131150051454394192691255,1
m4,1
wcdma85019002100mhz4g,1
14403040,1
dewdrop,1
mtk6799,1
f16,1
1440p30fps,1
5800,1
3131146804374075128217655,1
luna,1
4g3g35g,1
networkhsdpagsmgprs,1
13mpdual,1
2950,1
expandable,1
hall,1
cenguk,1
sokomass,1
jl,1
kumudasmoro,1
pamularsih,1
p40pro,1
featureshdr,1
camerasingle,1
triple16,1
dikomunikasikan,1
5mp13mp,1
berusaha,1
aftersales,1
uji,1
coba,1
musiman,1
mencapai,1
rumahkantor,1
ajukan,1
emmc51,1
international,1
1649,1
649,1
304,1
194,1
684,1
1029,1
810,1
let,1
10a,1
xm,1
3131149387577913607782455,1
tablet,1
mengirimkannya,1
baruikuti,1
menyelesaikannya,1
beri,1
komentar,1
warnav27e,1
emashitamhijauv29evelvet,1
kalende,1
3131152567926127481651255,1
menggambarkan,1
m33,1
coklat,1
58enalan,1
713,1
mt6739ww,1
ge8100,1
mt6762g,1
y53,1
tear,1
unsepcified,1
kapasitasi,1
nanosim1,1
nanosim2,1
terbai,1
hmov,1
garansitoko,1
ratting,1
charhger,1
dimensions1622,1
639,1
weight193,1
681,1
typeips,1
size653,1
1959,1
platformosandroid,1
internal8gb256gb,1
master,1
keypat,1
kerjasama,1
rillls,1
modelc55,1
58juta,1
3131157904210967758438455,1
gp,1
6a,1
tensor,1
permanen,1
4410,1
v15cheap,1
hphp,1
vivolift,1
camerasmartphone8gb,1
javana,1
01,1
665,1
1065,1
nama,1
unless,1
refer,1
details,1
3131153383919055688499255,1
pons,1
3131149387595450412236855,1
pasti,1
biruready,1
kemungkinan,1
minim,1
situs,1
terlengkap,1
ramah,1
impact,1
kantong,1
roxy,1
independen,1
percaya,1
dir,1
telpon,1
dn,1
dimainkan,1
melindungi,1
periksa,1
mengatur,1
dihidupkan,1
5mpreal,1
logo,1
booting,1
themes,1
bergerak,1
movie,1
jaya,1
blackgoldenpurplegreen,1
3131149387299601404723255,1
introduction,1
ppd,1
pastinya,1
misalnya,1
file,1
how,1
baterainya,1
terisi,1
shin,1
tebel,1
contents,1
12256,1
5052,1
handphonej,1
s10e,1
93,1
720g,1
64822,1
4310,1
x2,1
855,1
fhdips,1
indo,1
minusss,1
muluss,1
netttt,1
191,1
g37,1
tb,1
695,1
mediatekhelio,1
ketentuannya,1
3131150501990466946662455,1
15battery6800mah,1
processorhelio,1
g97,1
external,1
6800,1
ponse,1
ampj,1
berapa,1
permohonan,1
kedatangan,1
bertanggung,1
jawab,1
benarbenar,1
bagaimana,1
cara,1
berikan,1
pembongkaran,1
komunikasikan,1
dpn,1
12mpreal,1
blkg,1
3p,1
108mp13mp5mp,1
hmx,1
1133,1
30x,1
f169,1
7p,1
sudut,1
123,1
210cm,1
pxl,1
depan20mp,1
s5k3t2,1
beruntun,1
timed,1
burst,1
rana,1
telapak,1
tangan,1
belakangmi,1
rammi,1
secepat,1
x55,1
minimum,1
qc30,1
batasan,1
soket,1
dibagikan,1
neo6,1
kuning,1
ditetapkan,1
penilaian,1
0,1
1651,1
933,1
218g,1
216g,1
585,1
284,1
modem,1
bingkai,1
menghadap,1
beautify,1
kontras,1
kecerahannits,1
melapisi,1
daya5000,1
typ4900mahmin,1
bakteri,1
baktery,1
2160,1
4000,1
3131136392046267224883255,1
alola,1
rosegold,1
mtk6580,1
hardwareswap,1
oribody,1
aluminiumport,1
16jt,1
wrnlayar,1
15001,1
tv,1
deteksi,1
sertifikasi,1
suasana,1
tampilan144hz,1
dotdisplay,1
adaptive,1
sync,1
30hz48hz50hz60hz90hz120,1
hz144,1
bentang,1
ntsc,1
96,1
jncd039,1
delta,1
e063,1
memc,1
sinar,1
matahari,1
360,1
6482,1
1300,1
repack,1
specs,1
dirac,1
surround,1
mampu,1
menawan,1
tampak,1
hidup,1
manfaatkan,1
dimiliki,1
1639,1
faktor,1
755,1
297,1
1046,1
267,1
86,1
500ma,1
selects,1
853,1
322,1
mt6761,1
1026,1
frontback,1
mm1638,1
g190,1
3131152402339017413427255,1
number_of_camera,1
3g4g2g,1
79mp,1
a03,1
huawei,1
y7,1
769,1
emui,1
5v2a,1
belisetuju,1
chargekabel,1
img,1
beautification,1
mempesona,1
435v,1
02c,1
security,1
807,1
854,1
biometrik,1
lalu,1
bantu,1
takut,1
kesenangan,1
motorized,1
popup,1
warnablacknaturalwhiteblue,1
hilan,1
1440x3040,1
functions,1
etc,1
reference,1
onlywe,1
improve,1
above,1
1068,1
7617,1
a55,1
16406,1
16ghz12ghz,1
6217189,1
glasswaterdrop,1
4gbinternal,1
kartu_sims,1
f2203mp03mp,1
9001800mhz,1
9002100mhz,1
fdd,1
tdd,1
psensorlsensor,1
otggsensor,1
1563751496mm,1
3131153383930243155558455,1
mt8781,1
12bulan,1
slikon,1
bentuklayar,1
crystal,1
team,1
3131152402339993427968055,1
neo6black,1
neo6blue,1
ramrom,1
3010mah,1
80211ac,1
ports,1
trimakasih,1
ponselid_5g,1
332gb,1
warnapearl,1
xiomi,1
redmi7,1
needle,1
1587,1
resistant,1
sdm632,1
632,1
129,1
128256ggb512gb,1
ram12,1
blackturbo,1
t1,1
berada,1
terjual,1
menyetujui,1
others,1
knox,1
vault,1
pass,1
6yrs,1
sec,1
6300,1
queen,1
s1,1
hpcharger,1
j7,1
332,1
95,1
oyw,1
125µm,1
lunar,1
eclipse,1
holatekno,1
inspeksi,1
kelebihan,1
dibatalkan,1
dibongkardiperbaiki,1
benturan,1
batal,1
langkahlangkah,1
label,1
berhasil,1
produkhadiah,1
ketidaksesuaian,1
pp,1
kata,1
sandi,1
refundretur,1
merekoppo,1
modela54s,1
tercepat,1
diservis,1
comet,1
193,1
m1810f6lg,1
m1810f6lh,1
m1810f6li,1
102,1
058,1
antutu,1
102616,1
v7,1
4276,1
77fps,1
maldives,1
kirin,1
980,1
40820,1
4200,1
tangguh,1
ditenagai,1
images,1
mengerti,1
wraping,1
594,1
617,1
microsimnanodual_sim,1
727,1
mt6797,1
x20,1
decacore,1
malit880,1
tone,1
720p120fps,1
confirmed,1
2500,1
57inc,1
15bln,1
norepack,1
prosesordimensity,1
175,1
151,1
malig615,1
bi,1
go3,1
care,1
pergantian,1
ltelaunchannounced2021,1
10statusavailable,1
10bodydimensions1644,1
11chipsetmediatek,1
cortexa55gpumalig52,1
mc2memorycard,1
slotinternal128gb,1
18wmisccolorsobsidian,1
lighting,1
lengkapi,1
gsmarena,1
web,1
7300ultra,1
ram8256,1
backpack,1
elektrik,1
motor,1
linear,1
sumbu,1
debu,1
ip68,1
pembuka,1
memulai,1
duit,1
tutup,1
obral,1
gaskeun,1
maxtron,1
s8,1
murmer,1
6inc,1
blastergiroskop,1
speakerdolby,1
12512,1
audiodual,1
1855,1
crystalres,1
2712,1
1220,1
15k,1
belakang4k,1
2430,1
fps1080p,1
120240,1
depan1080p,1
5110,1
stdpengisian,1
wpengisi,1
45w,1
standby5g5g,1
theater,1
orchid,1
316,1
chager,1
676,1
307,1
440,1
682,1
1105,1
263,1
mt6765g,1
g35,1
6000,1
registrasi,1
v2249,1
sea,1
burgundy,1
16406mm,1
7617mm,1
1718,1
batas,1
190g,1
date,1
480mpfitur,1
jarifitur,1
tambahangps,1
spotbluetooth,1
40pesan,1
gmailport,1
35mmport,1
5pinperekam,1
dllmultimultibahasaisi,1
paket1,1
pintar1,1
pengisian1,1
daya1,1
earphone1,1
pand,1
807mm,1
flashcharge,1
mp3wavwmaeaacflac,1
1301,1
027,1
1103,1
388,1
245,1
v444,1
msm8916,1
410,1
306,1
3264,1
2448,1
tbc,1
midp,1
emulator,1
ant,1
mp4wmvh264,1
258,1
bosku,1
2388,1
buruan,1
na,1
apertur,1
slomo,1
documents,1
opus,1
m4a,1
ogg,1
a57,1
112,1
merk,1
gsmhspalte,1
1491,1
frontmounted,1
melalu,1
diskusi,1
4glte,1
mmc,1
tflashpiksel,1
kearifan,1
dinamis,1
teredup,1
kapanpun,1
kau,1
membutuhkannya,1
sana,1
presisi,1
kristal,1
mengubah,1
selfiesmu,1
agung,1
bersinar,1
titik,1
menembak,1
aktivasipova,1
jangkauan,1
semangat,1
instaneouslymengakses,1
greaterkecerahan,1
kelengkapa,1
batagan,1
speaksifikasi,1
nx,1
f01f,1
jarifingerprint,1
batrai,1
jos,1
sofbang,1
japan,1
misi,1
93screentobody,1
aclear,1
memimpin,1
seni,1
scan,1
menyenangkan,1
maroon,1
whatsappandgn,1
kokoh,1
kuatram,1
cameragaransi,1
tahunprince,1
pc,1
318,1
prince,1
pc318,1
35inchi,1
rotating,1
whatsapp,1
fb,1
opera,1
mp3mp4videofm,1
3gb32gb,1
kitkatbody,1
bbman,1
penampilan,1
flipcamera,1
city,1
kaum,1
mencintai,1
interaktif,1
membedakan,1
antara,1
wakil,1
pembawa,1
komunikasi,1
l3,1
440x3200,1
gsmsm8509001800mhz,1
3gwwcdma85019002100mhz4g,1
72mp108mp,1
sistemname,1
becampur,1
proc,1
mantul,1
hp4glte,1
ltelaunchannounced2020,1
26bodydimensions1551,1
inweight161,1
568,1
lcdsize622,1
105chipsetmediatek,1
camerasingle5,1
f18videosoundloudspeakeryes35mm,1
onthegofeaturessensorsaccelerometer,1
imbrowserhtml5batterytypeliion,1
nonremovablemisccolorsaurora,1
olive,1
rap,1
hf,1
1xkartu,1
y1s,1
hp4gltemurah,1
2450,1
smartphoneandroid,1
bun,1
c3,1
04,1
1599,1
630,1
1845,1
926,1
1440,1
3040,1
borong,1
nokiac3,1
realmec15,1
handphone4gmurah,1
hp4g,1
hp4gmurah,1
grs,1
gsm3ghsdpa4g,1
kemulusan,1
dragontrail,1
msm8228,1
cortexa7,1
305,1
host,1
memodialcommands,1
chinese,1
panels,1
454,1
1370,1
1350,1
66db,1
65db,1
71db,1
f6e,1
docomo,1
v43,1
asahi,1
print,1
312,1
callchat,1
bawan,1
edisi,1
28bodydimensions1644,1
105chipsetqualcomm,1
240gpuadreno,1
610memorycard,1
galileonfcnoradiofm,1
137,1
539,1
272,1
039,1
557,1
minidual_sim,1
47,1
mpkamera,1
gsmwcdmasim,1
biruputihpink,1
nyesel,1
sisgan,1
mp4h264flac,1
mp3eaacwav,1
12c,1
1286432,1
gr,1
sebelom,1
samabegitu,1
sebaliknya,1
lewat,1
edit,1
putusputus,1
sunny,1
oasis,1
rock,1
berbelanjaaa,1
pembatalan,1
572,1
fix,1
has,1
stunning,1
ocean,1
fun,1
livestream,1
favorite,1
content,1
secure,1
personalised,1
quickly,1
unstoppable,1
built,1
long,1
haul,1
action,1
simcard,1
1930,1
ever,1
077,1
eur,1
1819,1
51fps,1
915,1
2920,1
64db,1
70db,1
72db,1
943db,1
94db,1
a54,1
ltealaunchannounced2021,1
march,1
01bodydimensions1636,1
inweight192,1
083,1
4x,1
kredivo,1
mae136,1
lakulaku,1
homecredit,1
aeon,1
1392,1
548,1
276,1
ends,1
689,1
707,1
294,1
nougat,1
36,1
2016060,1
2016090,1
mag138,1
before,1
lit,1
72chipsetmediatek,1
dipilih,1
hbm,1
688,1
1124,1
840,1
auxiliary,1
70w,1
88gb,1
1212gb,1
expanded,1
hard,1
dolby,1
thin,1
x1sim,1
cs,1
48m,1
diperbolehkan,1
13c,1
50month,1
14c,1
rp299000,1
v51,1
unseal,1
aktivasi,1
selebihnya,1
ditukarganti,1
kompatible,1
opsional,1
memakai,1
kayu,1
mengenai,1
digambar,1
disebutkan,1
divarian,1
dicatatan,1
smooth,1
lasting,1
great,1
sisss,1
its,1
take,1
viewing,1
next,1
level,1
extreme,1
without,1
fomo,1
set,1
squadgoals,1
clicking,1
photos,1
fab,1
13mpf19,1
perfect,1
terkecoh,1
scrrenn,1
longlife,1
aksesorisnya,1
speakersdts,1
1657,1
78795mm,1
4gb4gb,1
45g,1
lightning,1
punch,1
hole,1
t615,1
16562x7701x835,1
5000mahtyp,1
effect,1
y91,1
4030mah,1
2mo,1
ozsimdual,1
rammain,1
5gmode,1
12chipsetqualcomm,1
732g,1
2x23,1
silvergpuadreno,1
618memorycard,1
ufs,1
cameraquad64,1
1173,1
119,1
depthfeaturesdualled,1
panoramavideo4k30fps,1
1080p30120fps,1
720p960fps,1
gyroeisselfie,1
camerasingle20,1
08µmfeatureshdr,1
sm7150ac,1
5platformosandroid,1
speakers35mm,1
ratioresolution1080,1
seken,1
97,1
mulussss,1
poco,1
x3,1
1700aws,1
07statusavailable,1
08bodydimensions1653,1
037,1
inweight215,1
backsimhybrid,1
ip53,1
protectiondisplaytypeips,1
typsize667,1
1074,1
panoramavideo1080p30fpssoundloudspeakeryes,1
audiocommswlanwifi,1
pin,1
gradient,1
21mp,1
gsmwcdma,1
480mp,1
spot,1
5pin,1
spesifikasikondisi,1
barunomor,1
maxcpu,1
coresistem,1
100ram,1
64gbjenis,1
incilayar,1
kapasitifresolusi,1
30401440baterai,1
dilepaskerja,1
ulayar,1
plating,1
hotspotbluetooth51,1
bend,1
bdsnfcyesinfrared,1
portyesradiofm,1
recordingusbusb,1
5160,1
advertisedmisccolorscobalt,1
tanyatanya,1
berjemur,1
s22u,1
mtk6763,1
latest,1
simtf,1
maximum,1
extension,1
67nch,1
unique,1
torch,1
1144914,1
10µmfeatureshdrvideo1080p30fpssoundloudspeakeryes35mm,1
515,1
noreno9,1
suppo,1
wilayah,1
sekitarnya,1
root,1
pasang,1
custom,1
8gbmicro,1
sdcard,1
slain,1
penipuan,1
bossss,1
f7,1
422,1
ampampampampampampampamp,1
3260,1
1465,1
576,1
295,1
hdgpsyes,1
radiousbusb,1
18wmisccolorscrystal,1
starry,1
2460,1
12100,1
31800,1
5850,1
72600,1
8900,1
342000,1
382600,1
391900,1
402300,1
412500,1
hsupa,1
cat,1
800mah,1
118,1
sekaligus,1
bad,1
kecuali,1
persetujuan,1
kedua,1
belah,1
diantaranya,1
dicek,1
terbukti,1
50000,1
marketplace,1
177,1
gsm9001800mhz,1
008mp,1
musik,1
pendaftaran,1
845,1
30050,1
998,1
156,1
753,1
notifikasi,1
623,1
ltps,1
v80,1
imx576,1
sticker,1
aipowered,1
facial,1
diamond,1
gemilang,1
1000,1
peak,1
643,1
masi,1
didatabase,1
konten,1
pemosisian,1
ltea,1
75inches,1
989,1
836,1
274,1
3131147206414053141708855,1
bouns,1
headsetfull,1
headsetolike,1
ohw3,1
berkabel,1
t101,1
y21s,1
fastcharge,1
651inch,1
3131141505684716016435255,1
mikro,1
50mp2mp2mp,1
ta,1
battery1300,1
type2,1
tip,1
pink,1
161977593854mm,1
1895g,1
pameran,1
23401080,1
lcdips,1
3200mpbelakang,1
24mp8mp5mp,1
bukaan,1
potret,1
selang,1
dokumen,1
1600720,1
f208mp,1
bluetoothad,1
simsim,1
inci1043,1
layarketubuh,1
internal128gb,1
triplefitur,1
lajang16,1
nfcya,1
packagecontents,1
640,1
3131153383925755669708855,1
a52,1
menutupi,1
3131146825680314428620855,1
polar,1
star,1
7purple,1
nanodual_sim,1
ons,1
f1850mp,1
tubuh1643,1
pano,1
slowmo,1
24ghz,1
5ghz,1
usbtypec,1
tipe2,1
b2358,1
b158,1
b1358,1
format,1
suaradidukung,1
3131153383938725715968055,1
658inch,1
lapangan,1
wifibluetoothgpsmicrousbfm,1
vedio,1
jack35mm,1
lightrear,1
menciptakan,1
s21,1
hitammawar,1
emassky,1
12gbrom,1
selongsong,1
l,1
3131146804044932154982455,1
masukini,1
masukuang,1
kod,1
pindahkan,1
kaki,1
melarikanmu,1
senang,1
ahli,1
rincian,1
sepenuh,1
kosmo,1
sabar,1
display599inch,1
21601080,1
aspect,1
wifi80211ac,1
bluetoothbluetooth,1
portsusb,1
cameras12mp,1
3131141505692930980249655,1
terhormat,1
negeri,1
memesannya,1
nice,1
0930,1
1830,1
menunggu,1
kosmologi,1
tujuh,1
depannot,1
3131152402341710576025655,1
2771250,1
2217000,1
mp3eaacwavflac,1
divxwmvmp4h264,1
drive,1
daripada,1
nanti,1
kelupaan,1
lho,1
besok,1
modelmtk6261a,1
running,1
machine,1
type2g,1
gsm85090018001900,1
abad,1
1t,1
instan,1
mudaemas,1
pukul,1
gizi,1
membunuhku,1
tempuh,1
hitamemascahaya,1
biruhijauungu,1
multi,1
gambarebook,1
8000,1
xadaptor,1
xheadphone,1
3131152402299326295244855,1
69inci,1
hitamungu,1
mudabiru,1
rommicro,1
tiple,1
enak,1
891,1
720p30,1
eis,1
4880,1
mah1888,1
rated,1
mah1935,1
33,1
supervooctm,1
16mp8mp2mp,1
professional,1
filters,1
grid,1
stickers,1
pict,1
aget,1
3pir,1
asi,1
tanya2,1
6090,1
inchi,1
24001080,1
7000,1
66w,1
24g,1
3131151063715223904256055,1
spesification,1
a76,1
hxwxd,1
189g,1
25ghz,1
2133,1
16bit,1
656,1
899,1
usah,1
puas,1
aktifasi,1
36mp,1
128gbselamat,1
cellselalu,1
kamiuntuk,1
adaptorpenjelasan,1
fullsetpenjelasan,1
berkualitas2,1
1003,1
dll4,1
pakai5,1
langsung6,1
dipesantrusted,1
sellerkami,1
tebalaman,1
baranghandphone,1
readystock,1
3131150051685640852275255,1
18mp,1
gojekgosend,1
hitamgreenbluewhitegold,1
dukung,1
sicepat,1
ikut,1
sblm,1
1430,1
yuk,1
liat,1
gsmlte,1
13mp5mp,1
7511,1
beta,1
140ghz,1
berbenja,1
i14promax,1
layar68,1
sesuatu,1
sekalian,1
1497,1
24mm,1
batterytype,1
standbyup,1
timeup,1
displaycontrast,1
13001,1
cameraphoto,1
75db,1
76db,1
81db,1
910db,1
944db,1
3131147206417747065241655,1
asus,1
zenfone,1
t001,1
sensorsfingerprint,1
single8,1
spesifikais,1
self,1
280,1
160,1
564,1
799,1
protectioncorning,1
sdm636,1
636,1
509,1
memorycard,1
cameradual,1
128µm,1
featureszeiss,1
optics,1
4k30fps,1
gyroeis,1
a400cg,1
1244,1
setor,1
terimaksih,1
ka,1
realpict,1
dilapisi,1
rammemori,1
glory,1
lively,1
tongsis,1
exclusive,1
rexi,1
wa05,1
neckband,1
den1,1
soundbok,1
open,1
fungsinya,1
hallo,1
dimpilih,1
614,1
minat,1
63112,1
406,1
596,1
480,1
233,1
442,1
intel,1
atom,1
z2520,1
dualcore,1
sgx544mp2,1
mp3waveaac,1
12001600,1
cherry,1
solar,1
battery3010mah,1
storage4gb,1
weight1589,1
discontinued,1
173,1
067,1
321,1
monochrome,1
graphic,1
lines,1
font,1
softkey,1
phonebook,1
call,1
records,1
dialnumbers,1
notes,1
downloadable,1
monophonic,1
cc,1
1999,1
ringing,1
batere,1
semoga,1
noi14,1
ram512tb,1
3131152402349936025600055,1
terlaris,1
j2,1
prime,1
spefikasi,1
220,1
mt6737t,1
malit720mp2,1
rds,1
2600,1
bersaing,1
mulusss,1
received,1
tones,1
mencariikuti,1
cetakan,1
rusia,1
a23,1
2458,1
p,1
3131153044136290833203255,1
6pro,1
rekondisirefub,1
8590,1
wrna,1
bsa,1
segi,1
estetika,1
mengusung,1
menghadirkan,1
menghilangkan,1
prancis,1
pelabelan,1
languages,1
10kamera,1
predictive,1
text,1
input,1
organizer,1
numbers,1
blb2,1
043,1
amazone,1
ram128,1
3131152291876931366092855,1
v29versi,1
velvet,1
unguhitambiru,1
11kamera,1
ram12gbrom512gb,1
voucher30000,1
mirip,1
128gb256gb,1
menghabiskan,1
optimal,1
keseharian,1
muncul,1
65inch,1
206g,1
vary,1
country,1
region,1
kaka,1
tunggu,1
y19purple8gb256gb,1
black8gb256gb,1
biru8gb256gb,1
hitam8gb256gb,1
perak8gb256gb,1
sukai,1
khas,1
red8gb256gb,1
mainkan,1
dipandang,1
memegang,1
pas,1
setebal,1
memamerkan,1
garis,1
sempurnakan,1
abuabu,1
menakjubkan,1
fotofoto,1
cerah,1
detailnya,1
closeup,1
sorotan,1
maju,1
pink8gb256gb,1
whiteblueblack,1
cameraa,1
f1,1
setting,1
apn,1
dlu,1
offers,1
1920x1080,1
32gbmicro,1
501,1
lollypop,1
suppport,1
3300mah,1
msm8974ab,1
modelv29,1
bluetoothbluetooth40,1
gpsbulltin,1
gpssupport,1
3131152402313809646387255,1
pocophone,1
r15,1
818,1
1551mm,1
752mm,1
74mm,1
175g,1
g72,1
oncell,1
oled,1
20megapixel,1
gsensor,1
nanokartu_sims,1
3450,1
06,1
211,1
744,1
1020,1
diperbesar,1
sekalipun,1
percayakan,1
selfiesinto,1
shine,1
strong,1
boosts,1
makesure,1
pictures,1
remain,1
bright,1
process,1
makesyoung,1
people,1
who,1
love,1
young,1
popular,1
gamesthe,1
masterpieces,1
turn,1
makes,1
precision,1
depanclear,1
worldleading,1
into,1
greaterbrightness,1
vibrancy,1
clarity,1
range,1
dimmest,1
whenever,1
needit,1
s23ultra,1
right,1
capturing,1
everymoment,1
crystalclear,1
interactive,1
operation,1
sepanjang,1
jepretan,1
gaya,1
elegan,1
2tipis,1
83mm,1
3frame,1
datar,1
trendi,1
modern,1
eyecare,1
bersertifikat,1
kesehatan,1
mata,1
wet,1
seharian,1
g91ultra,1
1desain,1
kehilangan,1
straightforward,1
perbesar,1
everything,1
notdistinguish,1
deputy,1
worlds,1
major,1
communication,1
carrier,1
blackblue,1
ram256tb,1
68mp108mp32mp,1
calen,1
3131157904752624790732855,1
1167,1
3x,1
lossless,1
66inch,1
3131133985040501723955255,1
505memorycard,1
tdd_lte,1
y35,1
256gbhp,1
murah8gb,1
a5s,1
3131152135876717623705655,1
a18,1
2024,1
hitambirusky,1
kelas,1
menengah,1
mumpuni,1
hambatan,1
terdiri,1
773mm,1
kenyamanan,1
aperturefront,1
fdd_lte,1
cortexa53gpuadreno,1
b1b5b8,1
didapat,1
tampil,1
741mm,1
172,1
bawalah,1
kamu,1
pergi,1
g96,1
4050mah,1
11v4a,1
lwh,1
160877428736mm,1
160877428741mm,1
644inch,1
b2b3b5b8,1
seharihari,1
terhubung,1
mc3,1
16105,1
replika,1
gtkepuasan,1
only3g,1
ltelaunchannounced2016,1
decemberstatusdiscontinuedbodydimensions1491,1
587,1
287,1
inweight147,1
519,1
framesimsingle,1
lcdsize52,1
686,1
282,1
4platformosandroid,1
3chipsetqualcomm,1
kwalitas,1
samakan,1
gtjangan,1
tulis,1
7404,1
773,1
mirror,1
moon,1
gtproduk,1
qualitasjadi,1
minta,1
burukjika,1
permintaan,1
mengeluarkan,1
masukan,1
gtjika,1
konfirmasijangan,1
menilai,1
3131152967396218524467255,1
